implicit_explicit,cat_exclusionary,cat_modern,cat_professional,count
explicit,0.5360114095555027,0.2640836700736867,0.21060137865462325,4207
implicit,0.4467299578059072,0.3581223628691983,0.32436708860759494,1896
