"","Estimate","Std. Error","z value","Pr(>|z|)"
"(Intercept)",-2.68062383939954,0.652204236811962,-4.11009878209729,3.95489895203417e-05
"original_masc",1.46170232789629,0.617293439319148,2.36792137222209,0.0178883370930708
"original_fem",1.1925651858704,0.623501136605263,1.91269127810013,0.0557875864221416
"context_fem",0.861842070831864,0.678234434284693,1.2707141178121,0.203830371238379
"context_neut",1.3355625224403,0.920011279133124,1.45168059645826,0.146590436965724
"original_masc:context_fem",-0.130258348203271,0.731459917138429,-0.178079953735346,0.858660184995257
"original_fem:context_masc",1.53046354812156,0.783811784527709,1.95259063251231,0.0508681220364094
"context_neut:original_gend",-0.0444072152366064,0.91498115179879,-0.0485334754156464,0.961291086342942
