"","Estimate","Std. Error","z value","Pr(>|z|)"
"(Intercept)",-1.89979998680523,0.521957413143635,-3.63976052253603,0.000272891717209079
"original_masc",1.32620691709744,0.506521538390015,2.61826362075896,0.00883784990777648
"original_fem",1.51697631179591,0.507107475007969,2.99142960133269,0.00277674553524021
"context_fem",-1.17696273412433,0.567710474005422,-2.07317424640837,0.0381560662318188
"context_neut",-0.92687016664408,0.758131658024227,-1.22257151094258,0.221491578890444
"original_masc:context_fem",0.900766385286202,0.63861014739898,1.41051060487367,0.158388967294482
"original_fem:context_masc",-0.537713902465078,0.638228951009566,-0.842509418625571,0.399502869908684
"context_neut:original_gend",0.899468703987743,0.768412093952395,1.1705551110749,0.241777649650043
