,theme,chi2,p,n,bonferroni_n,outcome,dof
0,inclusive,11.777993942881746,0.0005993503831739881,1317,2,**,1
1,professional,2.201486804412559,0.13787769400465902,1317,2,n.s.,1
