,theme,chi2,p,n,bonferroni_n,outcome,dof
0,inclusive,11.470267074783372,0.0007071851691707819,1317,2,**,1
1,professional,2.201486804412559,0.13787769400465902,1317,2,n.s.,1
