task_wording,inclusive,modern,professional,count,prop_inclusive,prop_modern,prop_professional
gender declaration nonbinary,687,76,51,1192,0.5763422818791947,0.06375838926174497,0.04278523489932886
gender declaration woman,341,132,146,717,0.4755927475592748,0.18410041841004185,0.20362622036262204
gender declaration man,228,104,102,600,0.38,0.17333333333333334,0.17
pronoun declaration they/them,739,105,49,1323,0.5585789871504158,0.07936507936507936,0.037037037037037035
pronoun declaration she/her,535,184,109,827,0.6469165659008465,0.22249093107617895,0.13180169286577992
pronoun declaration he/him,414,135,69,773,0.535575679172057,0.17464424320827943,0.08926261319534282
pronoun usage their,200,105,112,491,0.4073319755600815,0.21384928716904278,0.22810590631364563
pronoun usage her,252,144,106,568,0.44366197183098594,0.2535211267605634,0.18661971830985916
pronoun usage his,204,105,96,473,0.4312896405919662,0.2219873150105708,0.2029598308668076
