role_noun_gender,inclusive,modern,professional,standard,natural,count,prop_inclusive,prop_modern,prop_professional,prop_standard,prop_natural
neutral,221,159,424,372,272,3441,0.06422551583841907,0.046207497820401046,0.12321999418773612,0.10810810810810811,0.07904678872420808
feminine,1662,589,584,358,256,5832,0.28497942386831276,0.10099451303155006,0.10013717421124829,0.06138545953360768,0.0438957475994513
masculine,1544,643,616,326,282,5493,0.2810850172947388,0.11705807391225195,0.11214272710722738,0.059348261423630075,0.05133806663025669
