, ,original gender: masculine,original gender: feminine,overall
0,swapped gender: masculine,0.0,0.017094017094017096,0.007751937984496124
1,swapped gender: feminine,0.23404255319148937,0.2222222222222222,0.22868217054263565
