, ,original gender: masculine,original gender: feminine,overall
0,swapped gender: masculine,0.0,0.008547008547008548,0.003875968992248062
1,swapped gender: feminine,0.3333333333333333,0.27350427350427353,0.3062015503875969
