,improve,improve_if_needed,revise,revise_if_needed
improve,1.0,0.5606060606060606,0.5435992578849722,0.40931372549019607
improve_if_needed,0.5606060606060606,1.0,0.6575052854122622,0.5713196033562166
revise,0.5435992578849722,0.6575052854122622,1.0,0.5838509316770186
revise_if_needed,0.40931372549019607,0.5713196033562166,0.5838509316770186,1.0
