"","Estimate","Std. Error","z value","Pr(>|z|)"
"(Intercept)",-0.939953019245449,0.515256087061798,-1.82424437643318,0.0681151354676324
"original_masc",0.40956038585377,0.448469400830597,0.913240424196689,0.361116107691806
"original_fem",0.840114460677146,0.448418964290168,1.8735034143951,0.0609989016968253
"context_fem",0.338495048542989,0.522332627665726,0.648045001622248,0.516955844389087
"context_neut",-0.0621758993323339,0.734679245673789,-0.0846299928825553,0.932555553727273
"original_masc:context_fem",-0.0698782490361605,0.561847063060321,-0.124372366842217,0.901020451513728
"original_fem:context_masc",0.542356427130309,0.561555416114365,0.965811051887093,0.334138737233393
"context_neut:original_gend",0.454460292131136,0.69777790163515,0.651296481396399,0.514855119302567
