,improve,improve_if_needed,revise,revise_if_needed
improve,1.0,0.6244140864201655,0.4801782782078348,0.28410797920392805
improve_if_needed,0.6244140864201655,1.0,0.6609411060021494,0.333275650731848
revise,0.4801782782078348,0.6609411060021494,1.0,0.3902116402116402
revise_if_needed,0.28410797920392805,0.333275650731848,0.3902116402116402,1.0
