,improve,improve_if_needed,revise,revise_if_needed
improve,1.0,0.40587165341962783,0.36889353211904874,0.25103239839282054
improve_if_needed,0.40587165341962783,1.0,0.48723176827553,0.36166593713763523
revise,0.36889353211904874,0.48723176827553,1.0,0.3847827842815312
revise_if_needed,0.25103239839282054,0.36166593713763523,0.3847827842815312,1.0
