"","Estimate","Std. Error","z value","Pr(>|z|)"
"(Intercept)",-3.16364522340051,0.594277804918593,-5.32351233247535,1.01782549113647e-07
"original_masc",2.63663385706569,0.55693573949741,4.73417967294583,2.19942828789113e-06
"original_fem",2.84449779743786,0.559297863386846,5.08583705328841,3.66008197314352e-07
"context_fem",0.707117081296609,0.604543884306382,1.16967039060847,0.242133638166264
"context_neut",-1.0760316893837,0.82812629258014,-1.29935699303928,0.193821443686584
"original_masc:context_fem",-0.482943797825887,0.667129193621333,-0.723913452511882,0.469118870571401
"original_fem:context_masc",1.01329922142323,0.672330782071502,1.50714387685952,0.131773782213135
"context_neut:original_gend",2.21397961991104,0.837905971543873,2.64227693213798,0.00823506913544981
