, ,original gender: masculine,original gender: feminine,overall
0,swapped gender: masculine,0.0,0.008547008547008548,0.003875968992248062
1,swapped gender: feminine,0.18439716312056736,0.23076923076923078,0.2054263565891473
